ID,Protein_Name,Amino_Acid_Sequence
A0A0C5B5G6 · MOTSC_HUMAN,Mitochondrial-derived peptide MOTS-c,MRWQEMGYIFYPRKLR
A0A1B0GTW7 · CIROP_HUMAN,Ciliated left-right organizer metallopeptidase,MLLLLLLLLLLPPLVLRVAASRCLHDETQKSVSLLRPPFSQLPSKSRSSSLTLPSSRDPQPLRIQSCYLGDHISDGAWDPEGEGMRGGSRALAAVREATQRIQAVLAVQGPLLLSRDPAQYCHAVWGDPDSPNYHRCSLLNPGYKGESCLGAKIPDTHLRGYALWPEQGPPQLVQPDGPGVQNTDFLLYVRVAHTSKCHQETVSLCCPGWSTAAQSQLTAALTSWAQRRGFVMLPRLCLKLLGSSNLPTLASQSIRITGPSVIAYAACCQLDSEDRPLAGTIVYCAQHLTSPSLSHSDIVMATLHELLHALGFSGQLFKKWRDCPSGFSVRENCSTRQLVTRQDEWGQLLLTTPAVSLSLAKHLGVSGASLGVPLEEEEGLLSSHWEARLLQGSLMTATFDGAQRTRLDPITLAAFKDSGWYQVNHSAAEELLWGQGSGPEFGLVTTCGTGSSDFFCTGSGLGCHYLHLDKGSCSSDPMLEGCRMYKPLANGSECWKKENGFPAGVDNPHGEIYHPQSRCFFANLTSQLLPGDKPRHPSLTPHLKEAELMGRCYLHQCTGRGAYKVQVEGSPWVPCLPGKVIQIPGYYGLLFCPRGRLCQTNEDINAVTSPPVSLSTPDPLFQLSLELAGPPGHSLGKEQQEGLAEAVLEALASKGGTGRCYFHGPSITTSLVFTVHMWKSPGCQGPSVATLHKALTLTLQKKPLEVYHGGANFTTQPSKLLVTSDHNPSMTHLRLSMGLCLMLLILVGVMGTTAYQKRATLPVRPSASYHSPELHSTRVPVRGIREV
A0JNW5 · BLT3B_HUMAN,Bridge-like lipid transfer protein family member 3B,MAGIIKKQILKHLSRFTKNLSPDKINLSTLKGEGELKNLELDEEVLQNMLDLPTWLAINKVFCNKASIRIPWTKLKTHPICLSLDKVIMEMSTCEEPRSPNGPSPIATASGQSEYGFAEKVVEGISVSVNSIVIRIGAKAFNASFELSQLRIYSVNAHWEHGDLRFTRIQDPQRGEVLTFKEINWQMIRIEADATQSSHLEIMCAPVRLITNQSKIRVTLKRRLKDCNVIATKLVLILDDLLWVLTDSQLKAMVQYAKSLSEAIEKSTEQRKSMAPEPTQSSTVVASAQQVKTTQTSNAPDVNDAIVKLFNDFDVKETSHHLVISHLDLHICDDIHAKEKESNRRITGGAMQLSFTQLTIDYYPYHKAGDSCNHWMYFSDATKTKNGWANELLHEFECNVEMLKQAVKDHNVGSPPKSPTHASPQHTQTEKDYPLKGTCRTPSVLSQQSKAKLMSSSVVVRLADFNIYQVSTAEQCRSSPKSMICCNKKSLYLPQEMSAVYIEFTEYYYPDGKDFPIPSPNLYSQLNALQFTVDERSILWLNQFLLDLKQSLNQFMAVYKLNDNSKSDEHVDVRVDGLMLKFVIPSEVKSECHQDQPRAISIQSSEMIATNTRHCPNCRHSDLEALFQDFKDCDFFSKTYTSFPKSCDNFNLLHPIFQRHAHEQDTKMHEIYKGNITPQLNKNTLKTSAATDVWAVYFSQFWIDYEGMKSGKGRPISFVDSFPLSIWICQPTRYAESQKEPQTCNQVSLNTSQSESSDLAGRLKRKKLLKEYYSTESEPLTNGGQKPSSSDTFFRFSPSSSEADIHLLVHVHKHVSMQINHYQYLLLLFLHESLILLSENLRKDVEAVTGSPASQTSICIGILLRSAELALLLHPVDQANTLKSPVSESVSPVVPDYLPTENGDFLSSKRKQISRDINRIRSVTVNHMSDNRSMSVDLSHIPLKDPLLFKSASDTNLQKGISFMDYLSDKHLGKISEDESSGLVYKSGSGEIGSETSDKKDSFYTDSSSILNYREDSNILSFDSDGNQNILSSTLTSKGNETIESIFKAEDLLPEAASLSENLDISKEETPPVRTLKSQSSLSGKPKERCPPNLAPLCVSYKNMKRSSSQMSLDTISLDSMILEEQLLESDGSDSHMFLEKGNKKNSTTNYRGTAESVNAGANLQNYGETSPDAISTNSEGAQENHDDLMSVVVFKITGVNGEIDIRGEDTEICLQVNQVTPDQLGNISLRHYLCNRPVGSDQKAVIHSKSSPEISLRFESGPGAVIHSLLAEKNGFLQCHIENFSTEFLTSSLMNIQHFLEDETVATVMPMKIQVSNTKINLKDDSPRSSTVSLEPAPVTVHIDHLVVERSDDGSFHIRDSHMLNTGNDLKENVKSDSVLLTSGKYDLKKQRSVTQATQTSPGVPWPSQSANFPEFSFDFTREQLMEENESLKQELAKAKMALAEAHLEKDALLHHIKKMTVE
A0JP26 · POTB3_HUMAN,POTE ankyrin domain family member B3,MVAEVCSMPAASAVKKPFDLRSKMGKWCHHRFPCCRGSGKSNMGTSGDHDDSFMKTLRSKMGKCCHHCFPCCRGSGTSNVGTSGDHDNSFMKTLRSKMGKWCCHCFPCCRGSGKSNVGTWGDYDDSAFMEPRYHVRREDLDKLHRAAWWGKVPRKDLIVMLRDTDMNKRDKQKRTALHLASANGNSEVVQLLLDRRCQLNVLDNKKRTALIKAVQCQEDECVLMLLEHGADGNIQDEYGNTALHYAIYNEDKLMAKALLLYGADIESKNKCGLTPLLLGVHEQKQQVVKFLIKKKANLNALDRYGRTALILAVCCGSASIVNLLLEQNVDVSSQDLSGQTAREYAVSSHHHVICELLSDYKEKQMLKISSENSNPEQDLKLTSEEESQRLKVSENSQPEKMSQEPEINKDCDREVEEEIKKHGSNPVGLPENLTNGASAGNGDDGLIPQRKSRKPENQQFPDTENEEYHSDEQNDTQKQLSEEQNTGISQDEILTNKQKQIEVAEKEMNSKLSLSHKKEEDLLRENSMLREEIAMLRLELDETKHQNQLRENKILEEIESVKEKLLKAIQLNEEALTKTSI
A0PK11 · CLRN2_HUMAN,Clarin-2,MPGWFKKAWYGLASLLSFSSFILIIVALVVPHWLSGKILCQTGVDLVNATDRELVKFIGDIYYGLFRGCKVRQCGLGGRQSQFTIFPHLVKELNAGLHVMILLLLFLALALALVSMGFAILNMIQVPYRAVSGPGGICLWNVLAGGVVALAIASFVAAVKFHDLTERIANFQEKLFQFVVVEEQYEESFWICVASASAHAANLVVVAISQIPLPEIKTKIEEATVTAEDILY
A1A4S6 · RHG10_HUMAN,Rho GTPase-activating protein 10,MGLQPLEFSDCYLDSPWFRERIRAHEAELERTNKFIKELIKDGKNLIAATKSLSVAQRKFAHSLRDFKFEFIGDAVTDDERCIDASLREFSNFLKNLEEQREIMALSVTETLIKPLEKFRKEQLGAVKEEKKKFDKETEKNYSLIDKHLNLSAKKKDSHLQEADIQVEQNRQHFYELSLEYVCKLQEIQERKKFEFVEPMLSFFQGMFTFYHQGHELAKDFNHYKMELQINIQNTRNRFEGTRSEVEELMNKIRQNPKDHKRASQFTAEGYLYVQEKRPAPFGSSWVKHYCMYRKAAKKFNMIPFEHRSGGKLGDGEVFFLKECTKRHTDSIDRRFCFDIEAADRPGVSLTMQAFSEEERKQWLEALGGKEALSHSFNTAIIPRPEGNAQLDKMGFTIIRKCISAVETRGINDQGLYRVVGVSSKVQRLLSMLMDVKTCNEVDLENSADWEVKTITSALKQYLRSLPEPLMTYELHGDFIVPAKSGSPESRVNAIHFLVHKLPEKNKEMLDILVKHLTNVSNHSKQNLMTVANLGVVFGPTLMRPQEETVAALMDLKFQNIVVEILIENHEKIFRTPPDTTFPEPTCLSASPPNAPPRQSKRQGQRTKRPVAVYNLCLELEDGDNPYPSKEDTPTSSLDSLSSPSPVTTAVPGPPGPDKNHLLADGGSFGDWASTIPGQTRSSMVQWLNPQSPTTTSSNSAVTPLSPGSSPFPFSPPATVADKPPESIRSRKARAVYPCEAEHSSELSFEIGAIFEDVQTSREPGWLEGTLNGKRGLIPQNYVKLL
A1A519 · F170A_HUMAN,Protein FAM170A,MKRRQKRKHLENEESQETAEKGGGMSKSQEDALQPGSTRVAKGWSQGVGEVTSTSEYCSCVSSSRKLIHSGIQRIHRDSPQPQSPLAQVQERGETPPRSQHVSLSSYSSYKTCVSSLCVNKEERGMKIYYMQVQMNKGVAVSWETEETLESLEKQPRMEEVTLSEVVRVGTPPSDVSTRNLLSDSEPSGEEKEHEERTESDSLPGSPTVEDTPRAKTPDWLVTMENGFRCMACCRVFTTMEALQEHVQFGIREGFSCHVFHLTMAQLTGNMESESTQDEQEEENGNEKEEEEKPEAKEEEGQPTEEDLGLRRSWSQCPGCVFHSPKDRNS
A1L190 · SYCE3_HUMAN,Synaptonemal complex central element protein 3,MDDADPEERNYDNMLKMLSDLNKDLEKLLEEMEKISVQATWMAYDMVVMRTNPTLAESMRRLEDAFVNCKEEMEKNWQELLHETKQRL
A1L3X0 · ELOV7_HUMAN,Very long chain fatty acid elongase 7,MAFSDLTSRTVHLYDNWIKDADPRVEDWLLMSSPLPQTILLGFYVYFVTSLGPKLMENRKPFELKKAMITYNFFIVLFSVYMCYEFVMSGWGIGYSFRCDIVDYSRSPTALRMARTCWLYYFSKFIELLDTIFFVLRKKNSQVTFLHVFHHTIMPWTWWFGVKFAAGGLGTFHALLNTAVHVVMYSYYGLSALGPAYQKYLWWKKYLTSLQLVQFVIVAIHISQFFFMEDCKYQFPVFACIIMSYSFMFLLLFLHFWYRAYTKGQRLPKTVKNGTCKNKDN
A1X283 · SPD2B_HUMAN,SH3 and PX domain-containing protein 2B,MPPRRSIVEVKVLDVQKRRVPNKHYVYIIRVTWSSGSTEAIYRRYSKFFDLQMQMLDKFPMEGGQKDPKQRIIPFLPGKILFRRSHIRDVAVKRLIPIDEYCKALIQLPPYISQCDEVLQFFETRPEDLNPPKEEHIGKKKSGGDQTSVDPMVLEQYVVVANYQKQESSEISLSVGQVVDIIEKNESGWWFVSTAEEQGWVPATCLEGQDGVQDEFSLQPEEEEKYTVIYPYTARDQDEMNLERGAVVEVIQKNLEGWWKIRYQGKEGWAPASYLKKNSGEPLPPKPGPGSPSHPGALDLDGVSRQQNAVGREKELLSSQRDGRFEGRPVPDGDAKQRSPKMRQRPPPRRDMTIPRGLNLPKPPIPPQVEEEYYTIAEFQTTIPDGISFQAGLKVEVIEKNLSGWWYIQIEDKEGWAPATFIDKYKKTSNASRPNFLAPLPHEVTQLRLGEAAALENNTGSEATGPSRPLPDAPHGVMDSGLPWSKDWKGSKDVLRKASSDMSASAGYEEISDPDMEEKPSLPPRKESIIKSEGELLERERERQRTEQLRGPTPKPPGVILPMMPAKHIPPARDSRRPEPKPDKSRLFQLKNDMGLECGHKVLAKEVKKPNLRPISKSKTDLPEEKPDATPQNPFLKSRPQVRPKPAPSPKTEPPQGEDQVDICNLRSKLRPAKSQDKSLLDGEGPQAVGGQDVAFSRSFLPGEGPGRAQDRTGKQDGLSPKEISCRAPPRPAKTTDPVSKSVPVPLQEAPQQRPVVPPRRPPPPKKTSSSSRPLPEVRGPQCEGHESRAAPTPGRALLVPPKAKPFLSNSLGGQDDTRGKGSLGPWGTGKIGENREKAAAASVPNADGLKDSLYVAVADFEGDKDTSSFQEGTVFEVREKNSSGWWFCQVLSGAPSWEGWIPSNYLRKKP
